<?xml version="1.0" encoding="UTF-8"?>
<GenRun Id="impl_1" LaunchPart="xc7s25csga324-1" LaunchTime="1673639218">
  <File Type="ROUTE-PWR" Name="topModule_power_routed.rpt"/>
  <File Type="PA-TCL" Name="topModule.tcl"/>
  <File Type="BITSTR-BMM" Name="topModule_bd.bmm"/>
  <File Type="ROUTE-PWR-SUM" Name="topModule_power_summary_routed.pb"/>
  <File Type="REPORTS-TCL" Name="topModule_reports.tcl"/>
  <File Type="OPT-DCP" Name="topModule_opt.dcp"/>
  <File Type="OPT-DRC" Name="topModule_drc_opted.rpt"/>
  <File Type="OPT-HWDEF" Name="topModule.hwdef"/>
  <File Type="PWROPT-DCP" Name="topModule_pwropt.dcp"/>
  <File Type="PLACE-DCP" Name="topModule_placed.dcp"/>
  <File Type="PLACE-IO" Name="topModule_io_placed.rpt"/>
  <File Type="PLACE-UTIL" Name="topModule_utilization_placed.rpt"/>
  <File Type="PLACE-UTIL-PB" Name="topModule_utilization_placed.pb"/>
  <File Type="PLACE-CTRL" Name="topModule_control_sets_placed.rpt"/>
  <File Type="PLACE-PRE-SIMILARITY" Name="topModule_incremental_reuse_pre_placed.rpt"/>
  <File Type="POSTPLACE-PWROPT-DCP" Name="topModule_postplace_pwropt.dcp"/>
  <File Type="BG-BIN" Name="topModule.bin"/>
  <File Type="PHYSOPT-DCP" Name="topModule_physopt.dcp"/>
  <File Type="BITSTR-MSK" Name="topModule.msk"/>
  <File Type="ROUTE-ERROR-DCP" Name="topModule_routed_error.dcp"/>
  <File Type="ROUTE-DCP" Name="topModule_routed.dcp"/>
  <File Type="ROUTE-BLACKBOX-DCP" Name="topModule_routed_bb.dcp"/>
  <File Type="ROUTE-DRC" Name="topModule_drc_routed.rpt"/>
  <File Type="ROUTE-DRC-PB" Name="topModule_drc_routed.pb"/>
  <File Type="ROUTE-DRC-RPX" Name="topModule_drc_routed.rpx"/>
  <File Type="ROUTE-METHODOLOGY-DRC" Name="topModule_methodology_drc_routed.rpt"/>
  <File Type="BITSTR-MMI" Name="topModule.mmi"/>
  <File Type="ROUTE-METHODOLOGY-DRC-RPX" Name="topModule_methodology_drc_routed.rpx"/>
  <File Type="ROUTE-METHODOLOGY-DRC-PB" Name="topModule_methodology_drc_routed.pb"/>
  <File Type="ROUTE-PWR-RPX" Name="topModule_power_routed.rpx"/>
  <File Type="ROUTE-STATUS" Name="topModule_route_status.rpt"/>
  <File Type="ROUTE-STATUS-PB" Name="topModule_route_status.pb"/>
  <File Type="ROUTE-TIMINGSUMMARY" Name="topModule_timing_summary_routed.rpt"/>
  <File Type="ROUTE-TIMING-PB" Name="topModule_timing_summary_routed.pb"/>
  <File Type="ROUTE-TIMING-RPX" Name="topModule_timing_summary_routed.rpx"/>
  <File Type="ROUTE-CLK" Name="topModule_clock_utilization_routed.rpt"/>
  <File Type="ROUTE-BUS-SKEW" Name="topModule_bus_skew_routed.rpt"/>
  <File Type="ROUTE-BUS-SKEW-PB" Name="topModule_bus_skew_routed.pb"/>
  <File Type="ROUTE-BUS-SKEW-RPX" Name="topModule_bus_skew_routed.rpx"/>
  <File Type="POSTROUTE-PHYSOPT-DCP" Name="topModule_postroute_physopt.dcp"/>
  <File Type="POSTROUTE-PHYSOPT-BLACKBOX-DCP" Name="topModule_postroute_physopt_bb.dcp"/>
  <File Type="BG-BIT" Name="topModule.bit"/>
  <File Type="BITSTR-RBT" Name="topModule.rbt"/>
  <File Type="BITSTR-NKY" Name="topModule.nky"/>
  <File Type="PDI-FILE" Name="topModule.pdi"/>
  <File Type="RCFI_FILE" Name="topModule.rcfi"/>
  <File Type="CFI_FILE" Name="topModule.cfi"/>
  <File Type="RNPI_FILE" Name="topModule.rnpi"/>
  <File Type="NPI_FILE" Name="topModule.npi"/>
  <File Type="RBD_FILE" Name="topModule.rbd"/>
  <File Type="BITSTR-LTX" Name="topModule.ltx"/>
  <File Type="BITSTR-SYSDEF" Name="topModule.sysdef"/>
  <File Type="BG-BGN" Name="topModule.bgn"/>
  <File Type="BG-DRC" Name="topModule.drc"/>
  <File Type="RDI-RDI" Name="topModule.vdi"/>
  <File Type="WBT-USG" Name="usage_statistics_webtalk.html"/>
  <FileSet Name="sources" Type="DesignSrcs" RelSrcDir="$PSRCDIR/sources_1">
    <Filter Type="Srcs"/>
    <File Path="$PSRCDIR/sources_1/imports/Submodulos/ROM_grados_numericos.v">
      <FileInfo>
        <Attr Name="ImportPath" Val="$PPRDIR/../../PIDController/Submodulos/ROM_grados_numericos.v"/>
        <Attr Name="ImportTime" Val="1669747896"/>
        <Attr Name="UsedIn" Val="synthesis"/>
        <Attr Name="UsedIn" Val="implementation"/>
        <Attr Name="UsedIn" Val="simulation"/>
      </FileInfo>
    </File>
    <File Path="$PSRCDIR/sources_1/imports/Submodulos/controlador.v">
      <FileInfo>
        <Attr Name="ImportPath" Val="$PPRDIR/../../PIDController/Submodulos/controlador.v"/>
        <Attr Name="ImportTime" Val="1669747896"/>
        <Attr Name="UsedIn" Val="synthesis"/>
        <Attr Name="UsedIn" Val="implementation"/>
        <Attr Name="UsedIn" Val="simulation"/>
      </FileInfo>
    </File>
    <File Path="$PSRCDIR/sources_1/imports/Submodulos/divisor_freq.v">
      <FileInfo>
        <Attr Name="ImportPath" Val="$PPRDIR/../../PIDController/Submodulos/divisor_freq.v"/>
        <Attr Name="ImportTime" Val="1669747896"/>
        <Attr Name="UsedIn" Val="synthesis"/>
        <Attr Name="UsedIn" Val="implementation"/>
        <Attr Name="UsedIn" Val="simulation"/>
      </FileInfo>
    </File>
    <File Path="$PSRCDIR/sources_1/new/pwm8bits.v">
      <FileInfo>
        <Attr Name="UsedIn" Val="synthesis"/>
        <Attr Name="UsedIn" Val="implementation"/>
        <Attr Name="UsedIn" Val="simulation"/>
      </FileInfo>
    </File>
    <File Path="$PSRCDIR/sources_1/imports/Submodulos/rotary_decoder.v">
      <FileInfo>
        <Attr Name="ImportPath" Val="$PPRDIR/../../PIDController/Submodulos/rotary_decoder.v"/>
        <Attr Name="ImportTime" Val="1669747896"/>
        <Attr Name="UsedIn" Val="synthesis"/>
        <Attr Name="UsedIn" Val="implementation"/>
        <Attr Name="UsedIn" Val="simulation"/>
      </FileInfo>
    </File>
    <File Path="$PSRCDIR/sources_1/imports/Submodulos/transmisor_async.v">
      <FileInfo>
        <Attr Name="ImportPath" Val="$PPRDIR/../../PIDController/Submodulos/transmisor_async.v"/>
        <Attr Name="ImportTime" Val="1669747896"/>
        <Attr Name="UsedIn" Val="synthesis"/>
        <Attr Name="UsedIn" Val="implementation"/>
        <Attr Name="UsedIn" Val="simulation"/>
      </FileInfo>
    </File>
    <File Path="$PSRCDIR/sources_1/new/topModule.v">
      <FileInfo>
        <Attr Name="UsedIn" Val="synthesis"/>
        <Attr Name="UsedIn" Val="implementation"/>
        <Attr Name="UsedIn" Val="simulation"/>
      </FileInfo>
    </File>
    <File Path="$PSRCDIR/sources_1/imports/Submodulos/pwm.v">
      <FileInfo>
        <Attr Name="AutoDisabled" Val="1"/>
        <Attr Name="ImportPath" Val="$PPRDIR/../../PIDController/Submodulos/pwm.v"/>
        <Attr Name="ImportTime" Val="1669747896"/>
        <Attr Name="UsedIn" Val="synthesis"/>
        <Attr Name="UsedIn" Val="implementation"/>
        <Attr Name="UsedIn" Val="simulation"/>
      </FileInfo>
    </File>
    <File Path="$PSRCDIR/sources_1/imports/Submodulos/ADC_CTRL.v">
      <FileInfo>
        <Attr Name="AutoDisabled" Val="1"/>
        <Attr Name="ImportPath" Val="$PPRDIR/../../PIDController/Submodulos/ADC_CTRL.v"/>
        <Attr Name="ImportTime" Val="1669747896"/>
        <Attr Name="UsedIn" Val="synthesis"/>
        <Attr Name="UsedIn" Val="implementation"/>
        <Attr Name="UsedIn" Val="simulation"/>
      </FileInfo>
    </File>
    <File Path="$PSRCDIR/sources_1/imports/Submodulos/display_360g.v">
      <FileInfo>
        <Attr Name="AutoDisabled" Val="1"/>
        <Attr Name="ImportPath" Val="$PPRDIR/../../PIDController/Submodulos/display_360g.v"/>
        <Attr Name="ImportTime" Val="1669747896"/>
        <Attr Name="UsedIn" Val="synthesis"/>
        <Attr Name="UsedIn" Val="implementation"/>
        <Attr Name="UsedIn" Val="simulation"/>
      </FileInfo>
    </File>
    <File Path="$PSRCDIR/sources_1/new/serialPrint.v">
      <FileInfo>
        <Attr Name="AutoDisabled" Val="1"/>
        <Attr Name="UsedIn" Val="synthesis"/>
        <Attr Name="UsedIn" Val="implementation"/>
        <Attr Name="UsedIn" Val="simulation"/>
      </FileInfo>
    </File>
    <File Path="$PSRCDIR/sources_1/new/division32.v">
      <FileInfo>
        <Attr Name="AutoDisabled" Val="1"/>
        <Attr Name="UsedIn" Val="synthesis"/>
        <Attr Name="UsedIn" Val="implementation"/>
        <Attr Name="UsedIn" Val="simulation"/>
      </FileInfo>
    </File>
    <Config>
      <Option Name="DesignMode" Val="RTL"/>
      <Option Name="TopModule" Val="topModule"/>
      <Option Name="TopAutoSet" Val="TRUE"/>
    </Config>
  </FileSet>
  <FileSet Name="constrs_in" Type="Constrs" RelSrcDir="$PSRCDIR/constrs_1">
    <Filter Type="Constrs"/>
    <File Path="$PSRCDIR/constrs_1/imports/digilent-xdc-master/Arty-S7-25-Master.xdc">
      <FileInfo>
        <Attr Name="ImportPath" Val="$PPRDIR/../../digilent-xdc-master/digilent-xdc-master/Arty-S7-25-Master.xdc"/>
        <Attr Name="ImportTime" Val="1669158091"/>
        <Attr Name="UsedIn" Val="synthesis"/>
        <Attr Name="UsedIn" Val="implementation"/>
      </FileInfo>
    </File>
    <Config>
      <Option Name="ConstrsType" Val="XDC"/>
    </Config>
  </FileSet>
  <FileSet Name="utils" Type="Utils" RelSrcDir="$PSRCDIR/utils_1">
    <Filter Type="Utils"/>
    <Config>
      <Option Name="TopAutoSet" Val="TRUE"/>
    </Config>
  </FileSet>
  <Strategy Version="1" Minor="2">
    <StratHandle Name="Vivado Implementation Defaults" Flow="Vivado Implementation 2019"/>
    <Step Id="init_design"/>
    <Step Id="opt_design"/>
    <Step Id="power_opt_design"/>
    <Step Id="place_design"/>
    <Step Id="post_place_power_opt_design"/>
    <Step Id="phys_opt_design" EnableStepBool="1"/>
    <Step Id="route_design"/>
    <Step Id="post_route_phys_opt_design"/>
    <Step Id="write_bitstream"/>
    <Step Id="write_device_image"/>
  </Strategy>
</GenRun>
